algorithm,realized_miss_ratio,isl_traffic_bits,realized_miss_ratio_std,isl_traffic_bits_std
ORDI,0.8868047216992978,9408487.550484722,0.07537384279759113,5629252.124682158
direct_downlink,0.9655225563909792,0.0,0.04515514364465095,0.0
onboard_only,0.8879789071629571,6144105.377627835,0.07403961309335894,5138355.9902720535
compression_only,0.9655225563909792,0.0,0.04515514364465095,0.0
greedy_nonredundant,0.8879789071629571,6144105.377627835,0.07403961309335894,5138355.9902720535
full_replication,0.8876568689339511,33260469.116055362,0.07363302938577199,17509437.730157215
