algorithm,realized_miss_ratio,isl_traffic_bits,realized_miss_ratio_std,isl_traffic_bits_std
ORDI@fault=0.00,0.29533926312460457,37954794368.889626,0.021571676607715817,37858378747.123344
seco_adapted@fault=0.00,0.32262654174573036,24736557501.58168,0.019551603131702313,22676346455.583447
full_replication@fault=0.00,0.2976389943074004,55286328293.77045,0.028064893716676066,46368222080.77667
ORDI@fault=0.25,0.40732949873497737,29530572196.85103,0.05348512532993409,30724600661.294186
seco_adapted@fault=0.25,0.5349206198608477,13260016784.929758,0.0579467522015821,11450916575.584547
full_replication@fault=0.25,0.34524988140417523,54289186907.538895,0.09539685596554925,47778230759.4638
ORDI@fault=0.50,0.4399892868437698,34318558125.51912,0.013028196454285162,32924150994.824753
seco_adapted@fault=0.50,0.6904871521189129,16689684754.063847,0.01160917492360285,13757361519.9203
full_replication@fault=0.50,0.34726395477545835,53695668011.27599,0.03141185463297117,43188393966.32818
