algorithm,realized_miss_ratio,isl_traffic_bits,realized_miss_ratio_std,isl_traffic_bits_std
ORDI@fault=0.00,0.31238199715369985,24153169043.410362,0.016772485635435427,23575046002.97091
seco_adapted@fault=0.00,0.3166118753953191,25024028744.670452,0.018945072338763514,21882136976.879234
full_replication@fault=0.00,0.300915955091714,55417390295.82204,0.023430571332134907,46553571741.58979
ORDI@fault=0.25,0.3059925679949395,24611475222.366535,0.013109093316427423,23937662177.588497
seco_adapted@fault=0.25,0.3232788583175205,25129601152.875732,0.023590240605305988,22212574212.324795
full_replication@fault=0.25,0.3029320841239721,55442301174.38392,0.026281808353048403,46518225138.74723
ORDI@fault=0.50,0.31049355629348485,25502156378.70671,0.012451911136411389,21495025006.49057
seco_adapted@fault=0.50,0.3264965211891204,25227765144.37783,0.014723005283481479,21554039887.409805
full_replication@fault=0.50,0.3016502609108156,55411860964.67749,0.01509293931029306,46561174173.48207
