algorithm,realized_miss_ratio,isl_traffic_bits,realized_miss_ratio_std,isl_traffic_bits_std
ORDI@1plane,0.29324940702087277,38527339399.463326,0.01471322162703651,37098980402.6533
ORDI@2planes,0.31095157337128376,33074698965.46006,0.010401256745684878,29348766183.09714
full_replication@1plane,0.29977609108159364,55286313957.77045,0.031087204958844056,46368222080.77667
full_replication@2planes,0.310107764073371,54425201032.238785,0.015067501803537718,45718746837.07312
random_replication@1plane,0.30156795540796955,108965451699.00488,0.025593542098843233,75002247281.165
random_replication@2planes,0.3455296094244147,101233294652.03595,0.04153877765195705,64622433928.86382
