algorithm,realized_miss_ratio,isl_traffic_bits,realized_miss_ratio_std,isl_traffic_bits_std
ORDI@1plane,0.3063176391524349,24080371564.19036,0.01788424444715872,23542126555.584274
ORDI@2planes,0.322350727387729,22445070472.921673,0.004789966381918776,21229476055.295452
full_replication@1plane,0.30305305186590736,55417375959.82204,0.0264528825743029,46553571741.58979
full_replication@2planes,0.31347173466160627,54341598793.24017,0.010310128974231215,45600515416.836525
random_replication@1plane,0.30109736717267543,110894746184.45914,0.026259054363489423,77730681708.30602
random_replication@2planes,0.34171956040480694,103595144750.7344,0.03615055465512143,67962594370.73539
