algorithm,realized_miss_ratio,isl_traffic_bits,realized_miss_ratio_std,isl_traffic_bits_std
ORDI@1plane,0.7196771376811609,145860064.28209323,0.09899373636516003,65153125.7894459
ORDI@2planes,0.7300271376811605,143462984.83249456,0.08786376294886798,64078416.013741635
full_replication@1plane,0.7191741666666679,255778169.52435625,0.10098362134799618,107457633.88514194
full_replication@2planes,0.7290991666666674,251911643.40811023,0.09097562678786242,105835489.54835325
random_replication@1plane,0.7792981317934784,614511577.7397168,0.08302053099996463,167556716.30170235
random_replication@2planes,0.7787143817934781,612737176.8444265,0.08240344783800747,170515280.34029102
