algorithm,realized_miss_ratio,isl_traffic_bits,realized_miss_ratio_std,isl_traffic_bits_std
ORDI@n=12,0.6099285714285706,8904348230.413841,0.0,0.0
seco_adapted@n=12,0.6077388392857135,8093325427.116075,0.0,0.0
ORDI@n=24,0.3900995370370368,22376310578.741043,0.0,0.0
seco_adapted@n=24,0.4057777777777779,17358176179.49473,0.0,0.0
ORDI@n=36,0.31059274193548364,11184878032.070034,0.0,0.0
seco_adapted@n=36,0.33645161290322523,8701959150.303091,0.0,0.0
