algorithm,realized_miss_ratio,isl_traffic_bits,realized_miss_ratio_std,isl_traffic_bits_std
ORDI@n=12,0.6090714285714278,8065559160.912318,0.0,0.0
seco_adapted@n=12,0.6030044642857137,8093325427.116075,0.0,0.0
ORDI@n=24,0.3836944444444439,15408211491.152576,0.0,0.0
seco_adapted@n=24,0.39688888888888924,17358176179.49473,0.0,0.0
ORDI@n=36,0.3242419354838702,7483094147.924822,0.0,0.0
seco_adapted@n=36,0.33000806451612846,9551021301.46625,0.0,0.0
