algorithm,realized_miss_ratio,isl_traffic_bits,realized_miss_ratio_std,isl_traffic_bits_std
ORDI@n=12,0.8526666666666647,23869865.685277276,0.0,0.0
greedy_nonredundant@n=12,0.853666666666664,133349.42729197882,0.0,0.0
ORDI@n=24,0.5273333333333328,44640014.710186996,0.0,0.0
greedy_nonredundant@n=24,0.5294666666666654,33846852.48306572,0.0,0.0
ORDI@n=36,0.6288000000000007,182471716.38375628,0.0,0.0
greedy_nonredundant@n=36,0.6301000000000005,100682658.52367777,0.0,0.0
ORDI@n=60,0.24,464747272.1887782,0.0,0.0
greedy_nonredundant@n=60,0.2585546875,122648967.86715041,0.0,0.0
