algorithm,deadline_miss_ratio,delivered_utility,partial_coverage,recovery_latency,isl_traffic_bits,downlink_volume_bits,energy_joules,helper_utilization,objective,n_replicas_avg,realized_miss_ratio,realized_utility,realized_coverage,deadline_miss_ratio_std,delivered_utility_std,partial_coverage_std,recovery_latency_std,isl_traffic_bits_std,downlink_volume_bits_std,energy_joules_std,helper_utilization_std,objective_std,n_replicas_avg_std,realized_miss_ratio_std,realized_utility_std,realized_coverage_std
ORDI_greedy,0.8891771423021423,4.489917240331538,0.1108228576978577,416.2836474985716,2121758.383318229,3073910.349536262,12.960744533357882,4.696449011463453e-06,4.389787632886205,0.13413634976134978,0.8999022706460207,4.483140279598868,0.10009772935397936,0.11187768791899765,6.472647672916423,0.11187768791899765,585.1156593530301,4067177.2798447553,4401876.903334661,13.825714433626812,5.222333590808565e-06,6.289179019458108,0.1508952750821445,0.1010674060590196,6.452650928243229,0.1010674060590196
ORDI_ILP,0.8891771423021423,4.396522276129194,0.1108228576978577,431.7010792911769,12369256.316888206,3073910.349536262,18.956546529247163,6.820671352422022e-06,3.9296660439972353,0.18591339216339217,0.9006851128038628,4.230101308095707,0.0993148871961372,0.11187768791899765,6.371875456932397,0.11187768791899765,591.9929170850711,13762179.148920208,4401876.903334661,21.10278308806528,7.65190555464243e-06,5.911519805479466,0.19543378876473844,0.09982122208590502,6.103755343396536,0.09982122208590502
